ranks,views,article
1,164398248,Main Page
2,24128196,Jeffrey Dahmer
3,8720692,Rishi Sunak
4,6045953,-
5,5896334,Cleopatra
6,5367653,House of the Dragon
7,5179193,Christopher Scarver
8,5028753,Ponniyin Selvan: I
10,4283583,Black Adam (film)
11,4029244,Kantara (film)
12,4021192,YouTube
13,3922846,Deaths in 2022
14,3807177,Marilyn Monroe
15,3425662,Liz Truss
16,3321705,ICC Men's T20 World Cup
17,3007718,John Wayne Gacy
18,2981920,Robbie Coltrane
19,2856377,The Lord of the Rings: The Rings of Power
20,2716289,XXX: Return of Xander Cage
21,2709091,2022 Russian invasion of Ukraine
22,2667039,2022 ICC Men's T20 World Cup
23,2527674,Halloween
24,2481804,Leslie Jordan
25,2473056,Halloween Ends
26,2350049,The Watcher (2022 TV series)
27,2306602,Elon Musk
28,2297343,Smile (2022 film)
29,2236723,Akshata Murty
30,2227263,Angela Lansbury
31,2125116,Kanye West
32,2115677,Empress Elisabeth of Austria
33,2099636,Erling Haaland
34,2092867,Evan Peters
35,2055425,2022 FIFA World Cup
36,2028898,XNXX
37,2007209,Diwali
38,1955217,2022 Brazilian general election
39,1918555,Charles Cullen
40,1914118,XXX (film series)
41,1887884,Bible
43,1832854,Jerry Lee Lewis
44,1816657,Elizabeth II
45,1788290,Premier League
46,1766993,Black Adam
47,1764210,Wikipedia
48,1716073,Loretta Lynn
49,1715746,Emma D'Arcy
50,1650173,Andor (TV series)
51,1615663,Ansel Adams
52,1597529,Facebook
53,1560889,Michael J. Fox
54,1512489,Dahmer – Monster: The Jeffrey Dahmer Story
55,1489804,Google
56,1481896,Prime Minister of the United Kingdom
57,1480206,Franz Joseph I of Austria
58,1476317,Cristiano Ronaldo
59,1466201,Vikram Vedha (2022 film)
60,1429772,United States
61,1388278,Rishab Shetty
62,1376344,Luckiest Girl Alive (film)
63,1364741,Jesse Anderson
65,1361588,Charles III
66,1358938,Andrew Tate
67,1358865,Ted Bundy
68,1349023,She-Hulk: Attorney at Law
69,1345976,N. R. Narayana Murthy
70,1344314,Suella Braverman
71,1340764,Midnights
72,1335496,Don't Worry Darling
74,1321352,XXX (2002 film)
75,1319670,Terrifier 2
76,1288489,Taylor Swift
77,1286456,Lionel Messi
78,1285104,Godfather (2022 film)
79,1274121,India
80,1272428,Werewolf by Night (TV special)
81,1257976,XXXX (beer)
82,1245359,Jamie Lee Curtis
83,1226151,Web server directory index
84,1219227,Barbarian (2022 film)
85,1211791,Elvis Presley
86,1208404,Internet
87,1207440,Ponniyin Selvan
88,1195838,Herschel Walker
89,1181593,United Kingdom
90,1172571,Hocus Pocus (1993 film)
91,1158023,Hocus Pocus 2
92,1148707,Tom Brady
93,1143431,Google Translate
94,1124278,Brahmāstra: Part One – Shiva
95,1116472,UFC 280
96,1113935,Skathi (moon)
97,1102546,The Midnight Club
98,1092919,Luckiest Girl Alive
99,1091568,Ed Gein
100,1079970,Penny Mordaunt
101,1079585,Instagram
102,1073866,Dwayne Johnson
103,1070115,John Fetterman
104,1069322,Hellraiser (2022 film)
105,1067341,Aaron Judge
106,1059877,List of A Certain Magical Index characters
107,1051619,Black Panther: Wakanda Forever
108,1049092,Ram Setu (film)
109,1045981,List of serial killers by number of victims
110,1043140,Halloween (franchise)
111,1039688,Kwasi Kwarteng
112,1037889,Gmail
113,1028919,Bigg Boss (Hindi season 16)
114,1021306,Russia
115,1011792,XXXTentacion
116,1010099,Terrifier
117,1002804,CEO
118,997838,Boris Johnson
119,994420,Extreme Rules (2022)
120,989200,Blonde (2022 film)
121,972154,Tulsi Gabbard
122,963696,Guillermo del Toro's Cabinet of Curiosities
123,960831,Islam Makhachev
124,946090,Russo-Ukrainian War
125,944349,Mila Kunis
126,937662,YouTube Music
127,934385,Susan Wojcicki
129,928357,Bobby Cannavale
130,927367,Necrophilia
132,914230,Xi Jinping
133,911514,American Horror Story
134,906554,YouTube Premium
135,904954,Chainsaw Man
136,897739,Jeremy Hunt
137,891703,Gisele Bündchen
138,885171,Adipurush
139,879296,Olivia Cooke
140,873698,The School for Good and Evil (film)
141,873027,World War II
142,870355,Ukraine
143,869521,Video hosting service
144,862681,XXXX
145,862627,Luiz Inácio Lula da Silva
146,861953,Coolio
147,858431,The Good Nurse
148,857627,Laal Singh Chaddha
149,850258,UEFA Champions League
150,847598,Game of Thrones
151,845830,Vladimir Putin
152,843751,Matt Smith
153,842081,2022 Formula One World Championship
154,841288,Amsterdam (2022 film)
155,825807,World War I
156,824301,Olivia Wilde
157,822841,Blink-182
158,814088,Cat
159,813190,Top Gun: Maverick
160,804787,Ballon d'Or
161,802411,The Empress (TV series)
162,793834,Call of Duty: Modern Warfare II (2022 video game)
163,793594,Stoneman Douglas High School shooting
164,790408,Hu Jintao
165,789597,List of prime ministers of the United Kingdom
166,787868,Dancing with the Stars (American season 31)
167,787176,"Princess Margaret, Countess of Snowdon"
168,787155,Naomi Watts
169,780481,Julia Roberts
170,778285,Emmett Till
171,775639,John Balcerzak
172,772010,Raindrop cake
173,768120,Google Classroom
174,767633,Twitter
175,767542,Joe Biden
176,766400,WhatsApp
177,754322,Opinion polling for the next United Kingdom general election
178,744873,The Walking Dead (season 11)
179,741665,Microsoft Office
180,738793,List of highest-grossing Indian films
181,738751,The Pirate Bay
182,736059,Netflix
183,734679,Maryland
184,733370,George VI
185,733163,X (2022 film)
186,731642,Sex
187,728254,The Peripheral (TV series)
188,727293,Australia
189,726374,Harry Styles
190,725864,Karim Benzema
191,725419,Bigg Boss (Tamil season 6)
192,723303,List of Marvel Cinematic Universe films
193,716032,Matthew Perry
194,712428,Michael Myers (Halloween)
195,710675,JSON-LD
196,709885,Microdata (HTML)
197,709174,Canadian Premier League
198,708033,RDFa
199,700116,Sarah Jessica Parker
200,696873,Null
201,695535,Autofellatio
202,692226,All Quiet on the Western Front
203,692057,The Blair Witch Project
204,691690,Queen Victoria
205,690808,Ana de Armas
206,690718,List of World Series champions
207,688930,Microsoft Windows
208,688735,Victor Wembanyama
209,688557,Parag Agrawal
210,688185,Tom Cruise
211,686151,Brownie (folklore)
212,682701,Adolf Hitler
213,682341,Jennifer Coolidge
214,681252,Michael Jackson
215,677915,Donald Trump
216,673985,Manchester United F.C.
217,672458,Kari Lake
218,672296,Kim Kardashian
219,671687,Crimean Bridge
220,670071,Kathy Najimy
221,669794,Wrexham A.F.C.
222,667834,Bros (film)
223,667325,China
224,665670,Alex Jones
225,664161,A Song of Ice and Fire
226,663071,Bullet Train (film)
227,662862,Edward VIII
228,659950,Hurricane Ian
229,659858,Japan
230,657384,2022 FIVB Volleyball Women's World Championship
231,653432,Mahatma Gandhi
232,653257,Keanu Reeves
233,652936,The Legend of Maula Jatt
234,651039,New York City
235,650118,Blunt trauma
236,644081,Winston Churchill
237,643446,Bette Midler
238,643416,"Diana, Princess of Wales"
239,642406,Hilary Swank
240,636377,Ryan Reynolds
241,631667,Halloween Kills
242,630905,List of Hindi films of 2022
243,629993,Charles Oliveira
244,628643,Periodic table
245,626924,Real Madrid CF
246,626561,Sita Ramam
247,626423,Singapore
248,620836,Canada
249,616742,Chloë Grace Moretz
250,616630,LeBron James
251,615767,Jake Paul vs. Anderson Silva
252,614507,Halloween (1978 film)
253,614481,Margaret Thatcher
254,614257,Mr. Harrigan's Phone (film)
255,612483,Bailey Zappe
256,610422,Thank God (film)
257,609261,Pearl (2022 film)
258,608754,Richard Ramirez
259,607477,Candace Owens
260,605372,Sauron
261,604195,Sardar (2022 film)
262,602339,All Quiet on the Western Front (2022 film)
263,601753,Miles Teller
264,600997,Android (operating system)
265,600459,The Handmaid's Tale (TV series)
266,597778,Gotham Knights (video game)
267,594576,Doctor Who
268,594336,MacOS
269,594308,Brad Pitt
270,594180,Death of Mahsa Amini
271,592484,Sara Lee (wrestler)
272,592182,Henry Cavill
273,591309,Hellraiser
274,588636,Spotify
275,587620,2022–23 UEFA Champions League
276,587403,Kobe Bryant
277,587156,Day of the Dead
278,586915,"Prince Philip, Duke of Edinburgh"
279,586704,Crown Jewel (2022)
280,586111,Kaley Cuoco
281,583030,Iran
282,582888,Amazon (company)
283,581789,BBC World Service
284,581267,RRR (film)
285,580690,Nancy Pelosi
286,580373,Fire & Blood (novel)
288,577543,Milly Alcock
289,576505,Muhammad Ali
290,576351,List of James Bond films
291,575922,Scorn (video game)
292,575379,List of prime ministers of the United Kingdom by length of tenure
293,575011,Arthur Miller
294,568352,Infosys
295,563101,Eminem
296,563026,JavaScript
298,560972,George V
299,560523,Mike Tyson
300,560366,George Clooney
301,558568,List of states and territories of the United States
302,554167,The Walking Dead (TV series)
303,553403,Naane Varuvean
304,551774,Khabib Nurmagomedov
305,550964,George R. R. Martin
306,549641,"Twitter, Inc."
307,549407,Paddy Considine
308,549072,Germany
309,548745,Halloween (2018 film)
310,548665,English language
311,547519,Christian Bale
312,545068,Thor: Love and Thunder
313,542313,Chief executive officer
314,541389,Mulayam Singh Yadav
315,541383,The Woman King
316,541116,Bridget Moynahan
317,541080,2022 Ballon d'Or
318,540673,Derry Girls
319,540451,Pete Davidson
320,540450,Mia Goth
321,539023,Angelina Jolie
322,537042,Dietrich Mateschitz
323,535712,Sudha Murty
325,535277,Turkey
326,534776,Jair Bolsonaro
327,534434,Dusty Baker
328,534167,Christopher Columbus
329,533811,Manchester City F.C.
330,533362,Waukesha Christmas parade attack
331,533351,A. P. J. Abdul Kalam
332,532828,Joe DiMaggio
333,532776,The Banshees of Inisherin
334,531589,Camila Cabello
335,530000,Ron DeSantis
336,528947,Barack Obama
337,528375,John F. Kennedy
338,528233,Tham Luang cave rescue
339,527405,Zoe Saldaña
340,525883,American Horror Story: NYC
341,525850,Max Verstappen
342,525317,Emma Roberts
343,522248,Stanley Tucci
344,522237,Dua Lipa
345,521541,Chola dynasty
346,521523,Jordan Peterson
347,520588,Death of Marilyn Monroe
348,518820,The Super Mario Bros. Movie
349,518493,Gladys Pearl Baker
350,517658,Steve Jobs
351,517065,October 2022 Conservative Party leadership election
352,516534,The White Lotus
353,516348,Christian McCaffrey
354,515069,Charles Chaplin Jr.
355,514317,Scarlett Johansson
356,512086,Bryce Harper
357,511869,Artificial intelligence
358,511465,Madonna
359,510641,Arnold Schwarzenegger
360,510094,Mehmet Oz
361,508791,"Solar eclipse of October 25, 2022"
362,506432,Rohan Murty
363,506219,Rick and Morty (season 6)
364,505559,Pornhub
365,505249,Florence Pugh
366,505140,Generation Z
367,501681,Matt Goss
368,500863,Anya Taylor-Joy
369,500819,BTS
370,500726,London
371,499751,FC Barcelona
372,499740,Rajaraja I
373,499323,XXX
374,499302,Pakistan
375,498299,Freddie Mercury
376,496303,FIFA World Cup
377,495949,Lisa Marie Presley
378,495460,Val Kilmer
379,495016,Brendan Gleeson
380,494055,Google Maps
381,493266,2022 United States elections
382,493091,Albert Einstein
383,492917,Jan Broberg Felt
384,492193,A Friend of the Family (TV series)
385,492095,Leonardo DiCaprio
387,491315,Nayanthara
388,490968,Giorgia Meloni
389,489512,Ticket to Paradise (2022 film)
390,488866,IOS
391,488099,Justin Verlander
392,487921,Virat Kohli
393,487455,Amitabh Bachchan
394,487330,Jake Paul
395,486882,Avatar: The Way of Water
396,486476,Soviet Union
397,483824,Armie Hammer
398,483010,Michael Jordan
399,482399,Deion Sanders
400,481849,Little Women (2022 TV series)
401,481448,Charles Manson
402,480883,Chelsea F.C.
403,480852,Arsenal F.C.
404,475916,List of countries by GDP (nominal)
405,474660,Netherlands
406,474444,California
407,474255,Jeff Bezos
408,473721,Clint Eastwood
409,473452,La Liga
410,473371,Daniel Ek
411,472529,Vikram (2022 film)
412,472057,Morfydd Clark
413,471636,Vaishali Takkar
414,468564,Philippines
415,468524,Marvel Cinematic Universe
416,468023,Attack of the Dead Men
417,466650,Cyberpunk: Edgerunners
418,465246,Call of Duty: Modern Warfare 2
419,465133,J. R. R. Tolkien
420,463077,Shia LaBeouf
421,462784,Lewis Hamilton
422,462352,Priscilla Presley
423,461883,Fall (2022 film)
424,461610,DEFCON
425,461449,2022 in film
426,460365,The Lord of the Rings
427,460049,Rashmika Mandanna
428,459746,Indonesia
429,457978,The Stranger (2022 film)
430,457688,Conservative Party (UK)
431,457340,OnlyFans
432,457264,Disappearance of Emanuela Orlandi
433,456410,"William, Prince of Wales"
434,456267,Alia Bhatt
435,455917,Wiki
436,455805,List of countries by Human Development Index
437,455552,Brendan Fraser
438,454678,Johnny Depp
439,454511,List of American films of 2022
440,454318,Beetlejuice
441,454023,LGBT
442,453430,NXT Halloween Havoc (2022)
443,452888,The Lord of the Rings (film series)
444,452231,Shaquille O'Neal
445,450707,List of serial killers in the United States
446,450175,Peaky Blinders (TV series)
447,449820,List of Teachers' Days
448,449579,Breaking Bad
449,447292,Avatar (2009 film)
450,446649,Tom Pelphrey
451,446081,The School for Good and Evil
452,446079,Luke Macfarlane
453,445317,Anna Sorokin
454,445048,Marvel Cinematic Universe: Phase Four
455,444702,The Crown (TV series)
456,442959,Stranger Things
457,442797,Wikimedia Foundation
458,442455,Jimmy Carter
459,441792,The Sinner (TV series)
460,441507,Guillermo del Toro
461,440872,Fellatio
462,439524,Kim Petras
463,438941,Roblox
464,438792,David Bowie
465,438285,France
466,437453,Werewolf by Night
467,437082,Brazil
468,436652,C++
469,436124,Pierce Brosnan
470,435994,Nope (film)
471,435758,Aishwarya Rai Bachchan
472,435465,Italy
473,434646,Karthikeya 2
474,433989,Selena Gomez
475,433130,Tár
476,432601,Bella Hadid
477,431943,Kris Jenner
478,431661,Apple Inc.
479,431501,Liverpool F.C.
480,431326,Edward VII
481,430989,South Africa
482,430799,Sylvester Stallone
483,430212,Taiwan
484,430197,Rihanna
485,428502,Catherine de' Medici
486,428435,Abraham Lincoln
487,427837,Sandy Hook Elementary School shooting
488,427576,Mahsa Amini protests
489,427084,Paris Saint-Germain F.C.
490,425953,Arshad Sharif
491,425765,Ottoman Empire
492,425112,Jack Dorsey
493,422265,Geena Davis
494,421471,Tupac Shakur
496,420878,.xxx
497,420458,Joe Alwyn
498,420425,2022 Atlantic hurricane season
499,419756,Hannah Waddingham
500,418949,Rings of Power
501,417078,Tua Tagovailoa
502,416484,Interview with the Vampire (TV series)
503,416330,Vendhu Thanindhathu Kaadu
504,415543,England
505,415042,Jayde Adams
506,414866,Casualties of the Russo-Ukrainian War
507,414756,Jennifer Connelly
508,414563,Mia Farrow
509,414446,Rakshit Shetty
510,414351,Pablo Escobar
511,414301,Shalin Bhanot
512,414278,Philadelphia Phillies
513,414136,Jack Harlow
514,413829,Edmund Kemper
515,413456,Strictly Come Dancing (series 20)
516,413247,Seven deadly sins
517,413192,Paul Newman
518,413127,UEFA Europa League
519,411985,Aaron Rodgers
520,411509,DD
521,409508,K.G.F: Chapter 2
522,409482,Annie Ernaux
523,408602,Millie Bobby Brown
524,408105,Patrick Mahomes
525,407912,Harry Potter (film series)
526,406490,TikTok
527,406352,Anderson Silva
528,405392,Kylian Mbappé
529,405379,Doctor G
530,405321,Next United Kingdom general election
531,405282,Eddie Redmayne
532,405240,Ashton Kutcher
533,405053,Napoleon
534,404515,Cate Blanchett
535,404362,Mallikarjun Kharge
536,404115,United Arab Emirates
537,403857,Travis Barker
538,403765,Volodymyr Zelenskyy
539,403658,Billie Eilish
540,403403,Tony Adams
541,402525,Sacheen Littlefeather
542,402169,William Shakespeare
543,401220,Chadwick Boseman
544,401203,Sosie Bacon
545,400930,World Teachers' Day
546,400719,Constance Wu
547,400182,Mani Ratnam
548,400168,Emma Watson
549,400113,Zendaya
550,399984,Vietnam War
551,399945,Josh Allen (quarterback)
552,399520,Skaar (character)
553,399476,The Try Guys
554,398565,Nanjing Massacre
555,398095,Harry Potter
556,397828,Linux
557,397790,Muhammad
558,397718,Colonel Tom Parker
559,397137,Everything Everywhere All at Once
560,397078,Robin Williams
561,396936,David Tennant
562,396871,List of highest-grossing films
563,396729,New Zealand
564,396426,Super Bowl XXX
565,395919,Mark Wahlberg
566,394001,Theresa May
567,393275,Galadriel
568,393067,Robert Lewandowski
569,392824,Grey's Anatomy
570,392689,Blake Lively
571,392402,Ant-Man and the Wasp: Quantumania
572,391365,Charlie Chaplin
573,390869,Cyprus
574,390448,List of The Handmaid's Tale episodes
575,390378,Black Panther (film)
576,390151,Ed and Lorraine Warren
577,389968,Keir Starmer
578,389844,Better Call Saul
579,389786,NATO
580,389449,Zac Efron
581,389386,Jessica Chastain
582,388629,Europe
583,388618,Qatar
584,387098,Saudi Arabia
585,386798,Kylie Jenner
586,386558,Israel
587,386059,Aishwarya Lekshmi
588,385902,Sandra Bullock
589,385765,Vikram (actor)
590,385219,Margot Robbie
591,385081,Gwen Stefani
592,385061,Josh Heupel
593,384966,2022
594,384922,Stephen Hawking
595,384897,Jason Sudeikis
596,384626,Sarah Shahi
597,383488,Los Angeles
598,383141,Bangladesh
599,382974,Charlie Puth
600,382482,Call of Duty
601,381978,American Psycho (film)
602,381530,Liam Neeson
603,381446,Switzerland
604,381029,Mostafa El-Abbadi
605,380842,"Anne, Princess Royal"
606,380780,Nick Cannon
607,380641,Vikram Vedha
608,380121,South Korea
609,379220,Trisha (actress)
610,378678,C (programming language)
611,378416,Princess Sophie of Bavaria
612,378223,"Meghan, Duchess of Sussex"
613,377785,Chris Pratt
614,376221,Chancellor of the Exchequer
615,376186,North America
616,375669,Thora Birch
617,375628,Creed III
618,375449,Dakota Johnson
619,373988,Stephen Curry
620,373588,Ted Lasso
621,373223,Ted Kaczynski
622,373108,Ariana Grande
623,372883,Last Seen Alive
624,372860,Yom Kippur
625,372517,"Louis Mountbatten, 1st Earl Mountbatten of Burma"
626,372143,Colin Farrell
627,371368,The Nightmare Before Christmas
628,370221,Brittney Griner
629,369916,"Prince Harry, Duke of Sussex"
630,369775,Zlatan Ibrahimović
631,369169,Jennifer Lopez
632,368883,Timeline of the 2022 Russian invasion of Ukraine: phase 3
633,368522,Billy Eichner
634,368337,Crimea
635,367744,Jennifer Aniston
636,367144,Henry VIII
637,366528,Millennials
638,366231,Taj Mahal
639,366200,Mexico
640,365530,Ezra Miller
641,364768,The Beatles
642,364357,Shah Rukh Khan
643,364020,Jeepers Creepers (2001 film)
644,363763,Spain
645,362228,MrBeast
646,362105,Alexander the Great
647,361900,Chucky (TV series)
648,361841,Martin Lorentzon
649,361658,Chernobyl disaster
650,361537,Gigi Hadid
651,359871,2023 Cricket World Cup
652,359809,Soham murders
653,359394,Vijayadashami
654,359243,Rorschach (film)
655,359139,Elizabeth I
656,358634,Telegram (software)
657,358607,Thérèse Coffey
658,358569,Prince (2022 film)
659,358506,Bruce Willis
660,358361,Sam Smith
661,358292,Neymar
662,358199,List of countries and dependencies by population
663,357750,The Boys (TV series)
664,357737,HESA Shahed 136
665,357295,Vincent van Gogh
666,357143,SmartBear
667,357048,E-commerce
668,356605,Waffle House Index
669,356539,Tom Holland
670,356403,Karthi
671,356288,Poland
672,356194,Sophia Anne Caruso
673,356034,Antisemitism
674,355689,Tatiana Maslany
675,355076,Kym Marsh
676,354923,Isildur
677,354057,American Civil War
678,353347,Heath Ledger
679,353173,Jason Momoa
680,353160,The Masked Singer (American season 8)
681,353098,DC Extended Universe
682,352944,David Cameron
683,352314,Velma Dinkley
684,352275,Sajid Khan (director)
685,352236,September 11 attacks
686,352141,Selma Blair
687,350996,Ronald Reagan
688,350581,2019 United Kingdom general election
689,350401,Samhain
690,350253,Christopher Lloyd
691,349562,Harvey Weinstein
692,349091,John Lennon
693,348951,Triangle of Sadness
694,348782,Tom Hanks
695,348744,Tom DeLonge
696,348418,Hereditary (film)
697,348334,Jacob Rees-Mogg
698,348285,The Bear (TV series)
699,348032,Jules Bianchi
701,347691,From Scratch (TV series)
702,346910,Snoop Dogg
703,346607,2020 United States presidential election
704,346023,Burj Khalifa
705,345832,Biggest ball of twine
706,345460,Christopher Guest
707,345126,List of Doctor Who episodes (2005–present)
708,345081,Lady Gaga
709,344889,Joseph Stalin
710,344673,George Washington
711,344620,Maya Hawke
712,344572,Apple Network Server
713,344547,List of Tamil films of 2022
714,344209,Yellowstone (American TV series)
715,344132,Rupert Murdoch
716,343917,Winona Ryder
717,343635,Gary Ridgway
718,343625,Borderline personality disorder
719,343464,Vijaya Gadde
720,342966,Maximilian I of Mexico
721,342798,Russell Wilson
722,342036,Quentin Tarantino
724,341294,Justin Bieber
725,341139,Drew Barrymore
726,341117,Spider-Man: No Way Home
727,340866,Marvel Cinematic Universe: Phase Five
728,340559,Inheritance (2020 film)
729,340496,Ronaldo (Brazilian footballer)
730,340072,Tom Hardy
731,339782,2026 FIFA World Cup
732,339752,XVideos
733,339655,Marlon Brando
734,339512,Red Hot Chili Peppers
735,339029,Microsoft 365
736,338953,Lizzo
737,338879,2023 AFC U-17 Asian Cup qualification
738,338745,Jesus
739,338402,Top Gun
740,338068,Peyton Manning
741,337821,T.J. Miller
742,337785,The Greatest Beer Run Ever
743,337687,Niecy Nash
744,337557,Kevin Spacey
745,337217,Chris Hemsworth
746,337061,Diane Morgan
747,336776,Rick and Morty
748,336679,Hailey Bieber
749,336541,Tyson Fury
750,336386,Pornography
751,336239,Amal Clooney
752,336144,The Troubles
753,335915,Timothée Chalamet
754,335862,Ben Affleck
755,335800,Tony Blair
756,335639,Salman Khan
757,335402,Afghanistan
758,334953,The Big Bang Theory
759,334812,Sean O'Malley (fighter)
760,334442,Steve McQueen
761,333971,50 Cent
762,333508,HTTP cookie
762,333508,Kevin Bacon
764,333469,Ryan Murphy (filmmaker)
765,333436,Jennifer Lawrence
766,333140,Danny DeVito
767,332996,Email
768,332738,Anne Hathaway
769,332241,Travis Kelce
770,331956,Kazakhstan
771,331215,Tim Burton
772,330641,Minecraft
773,330553,20th Century Girl
774,330257,Liam Hemsworth
775,330206,Pro Kabaddi League
776,330186,Stephen King
777,330175,Good Friday Agreement
778,330091,Jalen Hurts
779,330016,Robert Downey Jr.
780,329558,List of UFC events
781,329489,Earth
782,329480,Sundar Pichai
783,329348,Nigeria
784,329151,Crystal Gayle
785,329074,Windows 10 version history
786,328910,"Mary, Queen of Scots"
787,328801,Carrie Fisher
788,328791,Jack Antonoff
789,328560,Thailand
790,328463,Malaysia
791,328335,Rose Byrne
792,328162,"Camilla, Queen Consort"
793,328140,Viscus
794,328016,Bleach: Thousand-Year Blood War
795,327833,Roman Empire
796,327818,Prince (musician)
797,327028,Animal
798,326673,Elton John
799,325913,Man-Thing
800,325878,Timeline of the 2022 Russian invasion of Ukraine
801,325870,Austin Butler
802,325830,List of ethnic slurs
803,325809,HTTP 404
804,325604,Paul Pelosi
805,325592,List of most-subscribed YouTube channels
806,325509,Vietnam
807,325416,The Witcher (TV series)
808,325216,Narendra Modi
809,325109,Nikola Tesla
810,324777,Fascism
811,324479,Dennis Rader
812,324444,Anna Nicole Smith
813,323987,Deontay Wilder
814,323689,Hugh O'Leary
815,323661,Jamie Clayton
816,323279,Matthew McConaughey
817,322775,The Batman (film)
818,322724,Franklin D. Roosevelt
819,322701,Alec Baldwin
820,322664,Charlize Theron
821,322560,Megan (2023 film)
822,322347,Mao Zedong
823,322309,Sweden
824,322106,XXX: State of the Union
825,321867,Atomic bombings of Hiroshima and Nagasaki
826,321866,Ireland
827,321448,Daniel Craig
828,320763,Malta
829,320762,Ramzan Kadyrov
830,320522,Mark Zuckerberg
831,320336,Jurassic World Dominion
832,320004,Nury Martinez
833,319609,John Carpenter
834,319342,Georgia (country)
835,319320,Nicolas Cage
836,318901,Dolly Parton
837,318779,Alexander Volkanovski
838,318238,The Sandman (TV series)
839,318236,Jackie Chan
840,318102,Iliza Shlesinger
841,318067,COVID-19 pandemic
842,317967,The Black Phone
843,317925,Tales of the Jedi (TV series)
844,317462,Caitlyn Jenner
845,317403,Nora Fatehi
846,317298,Mohamed Salah
847,316711,Buta Kola
848,316702,Adam Sandler
849,316599,Twitch (service)
850,316508,Bill Skarsgård
851,316465,List of The Walking Dead episodes
852,316328,Mike Flanagan (filmmaker)
853,316285,Steeve Ho You Fat
854,316117,Microsoft
855,316057,Paul Buchheit
856,315759,Jim Carrey
857,315718,Belarus
858,315104,Nicki Minaj
859,314952,VoteRiders
860,314945,Columbus Day
861,314779,Cillian Murphy
862,314735,Samuel Little
863,314725,AC Omonia
864,314262,Zodiac Killer
865,314005,2008 United States men's Olympic basketball team
866,313811,John List (murderer)
867,313780,Hong Kong
868,313680,Halsey (singer)
869,313612,Emily Blunt
870,313469,Lily James
871,313413,Bill Gates
872,312881,Emilia Clarke
873,312862,James Corden
874,312395,"Antony Armstrong-Jones, 1st Earl of Snowdon"
875,311972,Rob McElhenney
876,311956,Single-player
877,311786,Pink Floyd
878,311312,Danny Masterson
879,311158,Graham Potter
880,310927,Bray Wyatt
881,310653,Tim Curry
882,310573,Vande Bharat Express
883,310522,Houston Astros
884,310443,Natalie Portman
885,310391,October 2022 United Kingdom government crisis
886,310311,Young Sheldon
887,310097,Czech Republic
888,309906,Ewan Mitchell
889,309675,Pirates of the Caribbean (film series)
890,309180,Michael Schumacher
891,308997,Nicole Kidman
892,308833,U.S. state
893,308807,Art the Clown
894,308705,Bruce Lee
895,308405,The Godfather
896,308217,Helena Bonham Carter
897,307842,Conor McGregor
898,307633,James Dougherty (police officer)
899,306188,Gerard Butler
900,306153,List of highest-grossing Kannada films
901,305785,Stephen Graham
902,305720,Om Raut
903,305705,Carly Simon
904,305431,Scooby-Doo
905,305378,2018 FIFA World Cup
906,304930,Seoul Halloween crowd crush
907,304880,List of highest-grossing Tamil films
908,304700,Women's Asia Cup
909,304691,Slimer
910,304599,List of most-followed Instagram accounts
911,304486,Martin Luther King Jr.
912,304468,"Washington, D.C."
913,304227,GloRilla
914,303907,List of Rick and Morty episodes
915,303881,A Certain Magical Index
916,303722,European Union
917,303673,OPEC
918,303540,Bad Bunny
919,303401,List of footballers with 500 or more goals
920,303188,Forrest Gump
921,303143,Saddam Hussein
922,302940,Dog
923,302904,Tony Curtis
924,302878,Guy Goma
925,302452,Wagner Group
926,302308,Alan Rickman
927,302152,Lockheed Martin F-35 Lightning II
928,302119,Rick Rubin
929,302102,Trevor Noah
930,301852,Daniel Radcliffe
931,301732,Cher
932,301723,Elizabeth Holmes
933,301677,Jonathan Majors
934,301662,Alexandra Daddario
935,301628,Daylight saving time
936,301589,Ryan Gosling
937,301318,Svante Pääbo
938,300892,Suriya
939,300849,Steve Carell
940,300490,Genghis Khan
941,300311,Geno Smith
942,300264,The Shining (film)
943,300158,River Phoenix
944,300128,Goodbye (2022 film)
945,299999,Queen Elizabeth The Queen Mother
946,299951,Cartoon Network
947,299908,Human Development Index
948,299866,J. K. Rowling
949,299776,Omri Katz
950,299748,Amouranth
951,299651,Ncuti Gatwa
952,299602,Overwatch 2
953,299547,Prabhas
954,299545,Chris Martin
955,299249,2022–23 Premier League
956,299087,Dobaaraa
957,298849,No Time to Die
958,298684,LinkedIn
959,298534,Do Revenge
960,298391,Hellraiser (franchise)
961,297970,Emily Ratajkowski
962,297654,Judy Tenuta
963,297646,Jenna Ortega
964,297265,Interstellar (film)
965,297232,Talulah Riley
966,296815,Megan Thee Stallion
967,296507,Thiruchitrambalam
968,296362,Helen Skelton
969,296285,FC Bayern Munich
970,296050,Democratic Party (United States)
971,295992,Succession (TV series)
972,295794,Anne Heche
973,295730,Edgar Allan Poe
974,295641,Christopher Lee
975,295536,Sexual intercourse
976,295372,Mrunal Thakur
977,295320,Sinking of MV Sewol
978,294544,Freemasonry
979,294534,Jeff Bridges
980,294136,Liger (film)
981,294086,United Nations
982,294048,Khvicha Kvaratskhelia
983,293917,Republican Party (United States)
984,293703,Spy × Family
985,293321,Yu Darvish
986,293229,Myra Lewis Williams
987,293068,The Northman
988,292935,Burkina Faso
989,292934,Paul McCartney
990,292633,Sri Lanka
991,292612,Leonardo da Vinci
992,292515,Dulquer Salmaan
993,292215,The World's Billionaires
994,292200,Martha Stewart
995,292193,God of War Ragnarök
996,292115,Midsommar
997,292062,Celine Dion
998,291892,Shakira
999,291814,Chris Pine
1000,291756,List of presidents of the United States
